Year,Generation,Age_Group,Median_Weekly_Earnings,Real_Earnings_2023_Dollars,Annual_Growth_Rate
2000,Boomers,45-64,689,1124,2.1
2000,Gen X,25-44,612,999,3.2
2000,Millennials,16-24,378,617,1.8
2005,Boomers,50-69,752,1089,1.9
2005,Gen X,30-49,698,1011,2.4
2005,Millennials,21-29,456,660,1.5
2010,Boomers,55-74,821,1089,0.8
2010,Gen X,35-54,789,1047,1.2
2010,Millennials,26-34,567,752,2.1
2010,Gen Z,16-25,389,516,0.9
2015,Boomers,60-79,890,1098,0.6
2015,Gen X,40-59,845,1043,1.8
2015,Millennials,31-39,678,837,2.3
2015,Gen Z,21-30,445,549,1.4
2020,Boomers,65-84,934,1067,0.8
2020,Gen X,45-64,912,1042,1.2
2020,Millennials,36-44,789,902,1.9
2020,Gen Z,26-35,567,648,2.4
2023,Boomers,68-87,987,987,1.5
2023,Gen X,48-67,978,978,1.8
2023,Millennials,39-47,856,856,2.1
2023,Gen Z,29-38,634,634,2.8
