Year,Generation,Age_Group,Labor_Force,Employed,Unemployed,Unemployment_Rate,Labor_Force_Participation_Rate
2000,Boomers,45-64,45230000,43875000,1355000,3.0,77.2
2000,Gen X,25-44,68420000,65890000,2530000,3.7,84.0
2000,Millennials,16-24,23440000,21330000,2110000,9.0,67.2
2005,Boomers,50-69,50120000,48456000,1664000,3.3,78.1
2005,Gen X,30-49,70230000,67120000,3110000,4.4,83.8
2005,Millennials,21-29,25680000,23890000,1790000,7.0,71.5
2010,Boomers,55-74,42340000,39876000,2464000,5.8,70.0
2010,Gen X,35-54,68900000,63270000,5630000,8.2,82.1
2010,Millennials,26-34,28450000,24560000,3890000,13.7,75.2
2010,Gen Z,16-25,18230000,14890000,3340000,18.3,55.8
2015,Boomers,60-79,32110000,30345000,1765000,5.5,58.7
2015,Gen X,40-59,65440000,61890000,3550000,5.4,81.6
2015,Millennials,31-39,29870000,27560000,2310000,7.7,80.8
2015,Gen Z,21-30,22340000,19680000,2660000,11.9,69.2
2020,Boomers,65-84,18890000,17234000,1656000,8.8,28.9
2020,Gen X,45-64,54230000,49870000,4360000,8.0,76.8
2020,Millennials,36-44,31450000,28230000,3220000,10.2,82.6
2020,Gen Z,26-35,25680000,22340000,3340000,13.0,78.4
2023,Boomers,68-87,12340000,11789000,551000,4.5,19.2
2023,Gen X,48-67,48920000,46560000,2360000,4.8,72.1
2023,Millennials,39-47,32110000,30456000,1654000,5.2,85.3
2023,Gen Z,29-38,28450000,26780000,1670000,5.9,81.7
